{
  "MLP": {
    "accuracy": 0.681,
    "precision": 0.6900738938682702,
    "recall": 0.6763902449946946,
    "f1_score": 0.6493745309816658
  },
  "CNN": {
    "accuracy": 0.76,
    "precision": 0.7811567347097412,
    "recall": 0.7666448668151813,
    "f1_score": 0.7679066576629683
  }
}