{
  "RNN": {
    "accuracy_mean": 0.9992000000000001,
    "accuracy_std": 0.0016000000000000014,
    "train_time_mean": 67.88562440000241,
    "train_time_std": 14.84566679471132,
    "memory_delta_mean": -0.0008000000000000007,
    "memory_score_mean": 0.9959999999999999
  },
  "LSTM": {
    "accuracy_mean": 1.0,
    "accuracy_std": 0.0,
    "train_time_mean": 35.3778321800055,
    "train_time_std": 8.629677478966457,
    "memory_delta_mean": 0.0,
    "memory_score_mean": 1.0
  },
  "GRU": {
    "accuracy_mean": 1.0,
    "accuracy_std": 0.0,
    "train_time_mean": 49.78396155997179,
    "train_time_std": 15.776061125063368,
    "memory_delta_mean": 0.0,
    "memory_score_mean": 1.0
  }
}