{
  "gaussian": 0.9560439560439561,
  "constant": 0.967032967032967,
  "xavier": 0.978021978021978
}